,folder,filename,label
0,fire-images,92983122.jpg,1
1,fire-images,wildfire-coverage-521x308.jpg,1
2,fire-images,201307-restroom-fire-safety-fire1.jpg,1
3,fire-images,X-Files_Office_on_fire.jpg,1
4,fire-images,tree-fire.jpg,1
5,fire-images,mfs_fire_investigation_image_bedroom_with_candles_2.jpg,1
6,fire-images,fire-and-truck-desert-an-aerial-view-of-a-very-small-fire-on-the-side-of-a-road-in-a-rural-desert-landscape-a-green-tractor-stands-by-as-the-fire-burns_bdglz60p8__M0000.jpg,1
7,fire-images,Bedroom-fire-test-2-mins-1024x553.png,1
8,fire-images,25A072C400000578-2951223-image-a-15_1423799067621.jpg,1
9,fire-images,House-Fire-3-Odegard.jpg,1
10,fire-images,Still1115_00000_1479245056445_7039374_ver1.0.jpg,1
11,fire-images,Chimney-Fire3.jpg,1
12,fire-images,maxresdefault.jpg,1
13,fire-images,132343342_21n.jpg,1
14,fire-images,house-fire1.jpg,1
15,fire-images,bus-fire.jpg,1
16,fire-images,room-fire.jpg,1
17,fire-images,incendie-noel.jpg,1
18,fire-images,FIR_LKC_ART_01_Detectingfire_bedroomfire.jpg,1
19,fire-images,913_0.jpg,1
20,fire-images,EP-151129597.jpg&MaxW=960&imageVersion=default&NCS_modified=20151124094359.jpg,1
21,fire-images,article-urn publicid ap.org d8f7d3843cf1498b9ca96b1195c90427-3Y8qqBnFtobb1933fd918ac4b382-364_634x422.jpg,1
22,fire-images,Tornado Of Fire Caught On Tape In Australia Fire Twister.jpg,1
23,fire-images,nederland-fire-12.jpg,1
24,fire-images,450047458.jpg,1
25,fire-images,IMG00256.jpg,1
26,fire-images,burning-hause-1535712.jpg,1
27,fire-images,13518572.jpg,1
28,fire-images,11_10_19-mjs_ft_hotel-fire_19183862.jpg,1
29,fire-images,132-img1.png,1
30,fire-images,pic1.jpg,1
31,fire-images,nederland-wildfire.jpg,1
32,fire-images,wildfire1.png,1
33,fire-images,2853723335_44fdafb8fa_o.jpg,1
34,fire-images,fire storm.jpg,1
35,fire-images,burn-wall-street.jpg,1
36,fire-images,burning-house2.jpg,1
37,fire-images,22eqf.jpg,1
38,fire-images,maxresdefault7896.jpg,1
39,fire-images,bcws-carousel-2.jpg,1
40,fire-images,9_2_14_Andrea_Mexico_trash_1050_788_s_c1_c_c.jpg,1
41,fire-images,20130611_100618_Black-Forest-Fire-engulfs-house.jpg,1
42,fire-images,fire.jpg,1
43,fire-images,canada-wildfire.jpg,1
44,fire-images,d00cc0fe53897ff01f30eba713ac8ef0.jpg,1
45,fire-images,800px-Fires_cross_a_hill_in_SoCal_October_2007.jpg,1
46,fire-images,1.jpg,1
47,fire-images,wildfire_smoke_1280x720_6014533759.jpg,1
48,fire-images,house_fire.jpg,1
49,fire-images,o-WASHINGTON-FIRE-900.jpg,1
50,fire-images,32313rwev.jpg,1
51,fire-images,burning-charcoal-briquettes.jpg,1
52,fire-images,house-fire-damage-03.jpg,1
53,fire-images,Living_Room_Camp_Fire.jpg,1
54,fire-images,incendiu-acoperis.jpg,1
55,fire-images,maxresdefault568.jpg,1
56,fire-images,maxresdefault24.jpg,1
57,fire-images,telugu-desam-office-fire_0.jpg,1
58,fire-images,vance_ehmke_burning_farm_house_563cd154cf002.image_.jpg,1
59,fire-images,maxresdefault23.jpg,1
60,fire-images,150602191030-austin-texas-dashcam-car-explosion-fire-large-169.jpg,1
61,fire-images,14.jpg,1
62,fire-images,hqdefault.jpg,1
63,fire-images,1d797f4e7f3a3ba45ac26472b19afa0e.jpg,1
64,fire-images,COMEX-default.jpg,1
65,fire-images,f53d6194d2a38227e8ccbf91b42656c8.jpg,1
66,fire-images,90420_Ritter_Fire_A_031.jpg,1
67,fire-images,wildfire4.jpg,1
68,fire-images,wildfires cover_20161118150911007_6627016_ver1.0_640_360.jpg,1
69,fire-images,437438_616553-20151008-sprinkler_D.jpg,1
70,fire-images,office-fire_650_022415022412.jpg,1
71,fire-images,dsc7056.jpg,1
72,fire-images,fire1.jpg,1
73,fire-images,christmas_tree_fire.jpg,1
74,fire-images,dsc_01001.jpg,1
75,fire-images,California+Wildfires_Rob072616e+(1).jpg,1
76,fire-images,90713_Wichman_FIre_004A.jpg,1
77,fire-images,Christmas-Tree-Fire-Safety.jpg,1
78,fire-images,Fire-in-a-room.jpg,1
79,fire-images,your-room1.jpg,1
80,fire-images,wildfire.jpg,1
81,fire-images,image_update_img.jpg,1
82,fire-images,13518571.jpg,1
83,fire-images,rs-237211-GettyImages-53372022.jpg,1
84,fire-images,girl-on-fire-01.jpg,1
85,fire-images,kjlkmnjkl;'.jpg,1
86,fire-images,mv11NWsbmdemo2.jpg,1
87,fire-images,10-9-15-2-400.jpg,1
88,fire-images,2CDDD98D00000578-3246257-image-a-30_1443454943645.jpg,1
89,fire-images,images.jpg,1
90,fire-images,8679c62af3-lavvuliv.jpg-for-web-normal.jpg,1
91,fire-images,image1609390x.jpg,1
92,fire-images,maxresdefault6.jpg,1
93,fire-images,hqdefaultsdfsdf.jpg,1
94,fire-images,_91753989_capture.jpg,1
95,fire-images,s4.reutersmedia.net.jpg,1
96,fire-images,burning-charcoal-briquettes-closeup-14552988.jpg,1
97,fire-images,railroadstreet_11-27-2002_02.jpg,1
98,fire-images,burning-houses-1-300x214.jpg,1
99,fire-images,burning-house.jpg,1
100,fire-images,FlamesEverett House Fire.transfer_1461845684828_4041471_ver1.0_640_360.jpg,1
101,fire-images,ebc22de83a24c73fe9a363709c702e41.jpg,1
102,fire-images,s3.reutersmedia.net.jpg,1
103,fire-images,dormfire_1.jpg,1
104,fire-images,How-to-Set-a-Living-Room-on-Fire-with-VFX-in-4K.Still002.jpg,1
105,fire-images,27F1075800000578-0-image-a-1_1429880815919.jpg,1
106,fire-images,SOURCE-TappenFire-A12.png,1
107,fire-images,aggiecrk-wildfire-07072015-usfs-580.jpg,1
108,fire-images,4174776173_e8c26989cc_z.jpg,1
109,fire-images,fire 22323.jpg,1
110,normal-images-5,rooms-hotel-tbilisi-suite-bed-and-bathtub-city-view-a-01-x2.jpg,0
111,normal-images-5,unnamed.jpg,0
112,normal-images-5,Tromso.-Photo-credits-Bard-Loken-Innovatioin-Norway-e1397066188664.jpg,0
113,normal-images-5,tumblr_inline_nj85l1oMaC1t5js1c.jpg,0
114,normal-images-5,visa_requirements_for_norway-56e03f4b96539.jpg,0
115,normal-images-5,the-atlantic-norway.jpg,0
116,normal-images-5,w300x200.jpg,0
117,normal-images-5,Scandic-Grimstad-Exterior-surroundings.jpg,0
118,normal-images-5,The-growing-sector-of-automobiles-in-India.jpg,0
119,normal-images-5,vaerl-fron-toppen.jpg,0
120,normal-images-5,W020160510630506554070.jpg,0
121,normal-images-5,ttthumb-505x200.jpg,0
122,normal-images-5,W1siZiIsInVwbG9hZHMvcGxhY2VfaW1hZ2VzL2YyNzI0MDQyMTM2NjFlYzUxNl8xOTA3OTcxXzEwMTUxOTcxNTIyNjkxMjQ2XzE4NDU2MDc0OF9uLmpwZyJdLFsicCIsInRodW1iIiwieDM5MD4iXSxbInAiLCJjb252ZXJ0IiwiLXF1YWxpdHkgOTEgLWF1dG8tb3JpZW50Il1d.jpg,0
123,normal-images-5,room1212.jpg,0
124,normal-images-5,thumb_TTQG.jpg,0
125,normal-images-5,Scandic-Grimstad-Exterior-facade001.jpg,0
126,normal-images-5,small-room-medium.jpg,0
127,normal-images-5,room-004.jpg,0
128,normal-images-5,room_image3324.jpg,0
129,normal-images-5,Warm-Bedroom-Design-590x420.jpg,0
130,normal-images-5,slide_16575_230449_free.jpg,0
131,normal-images-5,Vestregate_Grimstad.jpg,0
132,normal-images-5,Romsdalsfjorden-rundt_lightbox_full_screen.jpg,0
133,normal-images-5,smart-pillowcase-sofas-completee-living-room-witn-minimalist-charity.jpg,0
134,normal-images-5,small-conference1.jpg,0
135,normal-images-5,xR7vfcy.jpg,0
136,normal-images-5,simply-rooms-suites.jpg,0
137,normal-images-5,sunset24.jpg,0
138,normal-images-5,RMS_Red-living-room_Creynolds_s4x3.jpg.rend.hgtvcom.616.462.jpeg,0
139,normal-images-5,sonnenuntergang-am-lake.jpg,0
140,normal-images-5,theoffice3.jpg,0
141,normal-images-5,up5.jpg,0
142,normal-images-5,sunset-palms.jpg,0
143,normal-images-5,typical-office-layout.jpg,0
144,normal-images-5,SverreHjornevik-FjordNorway.jpg,0
145,normal-images-5,xsylvia-hotel-queen-room.jpg.pagespeed.ic.hw9Tgtz7QM.jpg,0
146,normal-images-5,wallpapers_1.jpg,0
147,normal-images-5,visionneuse7.jpg,0
148,normal-images-5,virgo-esb-liberty-meeting-room-800.jpg,0
149,normal-images-5,small7_main-street.jpg,0
150,normal-images-5,thumb2-ledjanaja-pewera-reka-led-vechnye-ldy.jpg,0
151,normal-images-5,tumblr_inline_o6asxjqcCk1qgp297_500.jpg,0
152,normal-images-5,removals-companies2.jpg,0
153,normal-images-5,throstur-1.jpg,0
154,normal-images-5,uncle-clay-s-house-of.jpg,0
155,normal-images-5,tumblr_ohha8jH8dr1rs81xfo1_500.jpg,0
156,normal-images-5,salle-de-bains-amenagement-69157893.jpg,0
157,normal-images-5,tip-2-img-1.jpg,0
158,normal-images-5,room.jpg,0
159,normal-images-5,seminar-05.jpg,0
160,normal-images-5,rooms-image-small.jpg,0
161,normal-images-5,roros-town-street_2015.jpg,0
162,normal-images-5,tumblr_mfup9m6Ttl1r0n5y3o1_1280.jpg,0
163,normal-images-5,rs600x0deluxeoceanfrontviewroom.jpg,0
164,normal-images-5,white-and-orange-living-and-dining-room.jpg,0
165,normal-images-5,Rent room stockholm.jpg,0
166,normal-images-5,Small_World_Social_Teamwork.jpg,0
167,normal-images-5,sunset_by_koko_stock-d5ls8sf.jpg,0
168,normal-images-5,success_78_pic_02.jpg,0
169,normal-images-5,romantic-bedrooms-bedrooms-and-red-color-schemes-on-pinterest-classic-bedroom-colors-red-768x511.jpg,0
170,normal-images-5,xbR1sVO.png,0
171,normal-images-5,ReineFishingVillage.jpg,0
172,normal-images-5,slettnes-light-house-nordkyn-norway-2-1_a115bf39-6e5b-4619-8b91-d943b330fe1d.jpg,0
173,normal-images-5,working-in-office.png,0
174,normal-images-5,virgo-grand-central-meeting-room-800.jpg,0
175,normal-images-5,slide-201512-norway-06.jpg,0
176,normal-images-5,SlackOffice1-640x427.jpg,0
177,normal-images-5,Vardasen-House-13-850x1190.jpg,0
178,normal-images-5,virgo-penn-station-new-yorker-room-800.jpg,0
179,normal-images-5,sweden-landscape-wallpaper-1-1280x500.jpg,0
180,normal-images-5,skyline-midnight-sun-bodo-norway-2-1_99eca994-01e7-47b1-a370-b551d6f53552.jpg,0
181,normal-images-5,Standard-single-1600x900.jpg,0
182,normal-images-5,vermont-tours-green-mountains.jpg,0
183,normal-images-5,warm-tech-living-room.jpg,0
184,normal-images-5,tumblr_nyrywkyp4Y1tql859o1_1280.jpg,0
185,normal-images-5,thumbnail.jpg,0
186,normal-images-5,Wesleyan_University_-_Russell_House_at_night_01.jpg,0
187,normal-images-5,supermarket-1200x800-1024x682.jpg,0
188,normal-images-5,sunset_sky_2_by_manichysteriastock-d3bjiec1.jpg,0
189,normal-images-5,room6_450_reload.jpg,0
190,normal-images-5,Sprint_Image_960x5281-900x495.jpg,0
191,normal-images-5,y5IQiH.jpg,0
192,normal-images-5,typical-desk-setup.jpg,0
193,normal-images-5,tumblr_nhcrcizCaH1ty53xvo1_1280.jpg,0
194,normal-images-5,the_norwegian_national_opera_ballet_oslo_norway_2_1_516d1910-7fb8-4b87-8670-c1288f824cf0.jpg,0
195,normal-images-5,shopping_large.jpg,0
196,normal-images-5,x14862823.jpg,0
197,normal-images-5,W1siZiIsInVwbG9hZHMvcGxhY2VfaW1hZ2VzL2YyNzI0MDQyMTM2NjFlYzUxNl8xNTAzMjAxNDQzODcuanBnIl0sWyJwIiwidGh1bWIiLCJ4MzkwPiJdLFsicCIsImNvbnZlcnQiLCItcXVhbGl0eSA5MSAtYXV0by1vcmllbnQiXV0.jpg,0
198,normal-images-5,rome-11oct22-5362_med.jpeg,0
199,normal-images-5,ryfylke_preikestolen_norway_tourist_attraction_forsand_a80257b5-f175-48d8-8e41-e60dbfa63d8d.jpg,0
200,normal-images-5,Supermarket_z_flagami_(ubt).JPG,0
201,normal-images-5,ThinkstockPhotos-505230568-540x359.jpg,0
202,normal-images-5,thiet-ke-san-vuon-biet-thu-14.JPG,0
203,normal-images-5,sygard_grytting_historic_hotel_lillehammer_norway_2_1_901e866d-9488-4b25-b5c9-6013159c60d3.jpg,0
204,normal-images-5,stalag.jpg,0
205,normal-images-5,Sunset-Sky.png,0
206,normal-images-4,Norway-Tromso-Northern-Lights-xlarge.jpg,0
207,normal-images-4,Pangu-7-Star-Hotel-Beijing-Chambre-Executive.jpg,0
208,normal-images-4,Public-Office.jpg,0
209,normal-images-4,plot-projects-overview-big_image_url-1403254458.jpg,0
210,normal-images-4,Ramadan-Decorations-Jerusalem.jpg,0
211,normal-images-4,norway.jpg,0
212,normal-images-4,Picture-014.jpg,0
213,normal-images-4,MW-AU747_wolf_t_20120924164002_MG.jpg,0
214,normal-images-4,PriceLake.jpg,0
215,normal-images-4,pexels-photo-41118.jpeg,0
216,normal-images-4,office3.jpg,0
217,normal-images-4,normal-room-with-private.jpg,0
218,normal-images-4,mps-conv-store-model2.jpg,0
219,normal-images-4,p9200593.jpg,0
220,normal-images-4,Narita_International_Airport_Terminal_2_counters_(1).JPG,0
221,normal-images-4,north-norway-1.jpg,0
222,normal-images-4,nord.jpg,0
223,normal-images-4,n36036_kitchen_01.jpg,0
224,normal-images-4,norway-old-bergen-museum.jpg,0
225,normal-images-4,phuket-bus-station.jpg,0
226,normal-images-4,oslo t07.JPG,0
227,normal-images-4,mr_00098143.jpg,0
228,normal-images-4,narrow-shopping-street-in-macau-china-ae1twt.jpg,0
229,normal-images-4,NBR_Santa_Monica_Mountains_no_headline_111212_kfr.jpg,0
230,normal-images-4,open-plan-office-with-people.jpg,0
231,normal-images-4,Noorwegen 12.jpg,0
232,normal-images-4,officedsdg.jpg,0
233,normal-images-4,narrowst3_barca.jpg,0
234,normal-images-4,Office-Space-Photo-Open-Design.jpg,0
235,normal-images-4,red-house.png,0
236,normal-images-4,oslo t01.JPG,0
237,normal-images-4,real-journeys-400x400x.jpg,0
238,normal-images-4,plages-a-la-montagne_1011303.jpg,0
239,normal-images-4,P1010074sm.jpg,0
240,normal-images-4,New-York-Automobile-Show.jpg,0
241,normal-images-4,office-9.jpg,0
242,normal-images-4,patagonia-and-atacama-national-geographic.jpg,0
243,normal-images-4,Problem-smoke-bedroom.jpg,0
244,normal-images-4,open-offices.jpg,0
245,normal-images-4,Norway-Troms-Tromso-Panorama-view.jpg,0
246,normal-images-4,oslo-city.jpg,0
247,normal-images-4,p1170311.jpg,0
248,normal-images-4,polycom-conference-room-1.jpg,0
249,normal-images-4,norway-fjord-beautiful.jpg,0
250,normal-images-4,o-BRIGHT-LIGHTING-ROOM-LAMP-facebook.jpg,0
251,normal-images-4,PJ-BE591_WORKFA_G_20120103214537.jpg,0
252,normal-images-4,norway-landscape-photography-scandinavian-nature-4.jpg,0
253,normal-images-4,office-googlereuse.jpg,0
254,normal-images-4,Multipurpose-home-office-design-with-unique-table-and-quartz-countertop.jpg,0
255,normal-images-4,parkingdayLX-0382.jpg,0
256,normal-images-4,New Picture (26).jpg,0
257,normal-images-4,red_room_sml.jpg,0
258,normal-images-4,norway-landscape-photography-scandinavian-nature-1.jpg,0
259,normal-images-4,New-Natural-Waterfall-HD-Wallpaper-Collection-2013-For-PC-4.jpg,0
260,normal-images-4,quilotoa.jpg,0
261,normal-images-4,Open-plan-office-2.jpg,0
262,normal-images-4,normal-home-living-room-denbesten-real-estate-bloomington-rooms-1602-bensington-master-bedroom.jpg,0
263,normal-images-4,norway___view_of_the_geiranger_by_agivega.jpg,0
264,normal-images-4,potd01083110.jpg,0
265,normal-images-4,norway-school-trips-geirangerfjord-vn.jpg,0
266,normal-images-4,office-cctv-cameras-400x2661.jpg,0
267,normal-images-4,office-05.jpg,0
268,normal-images-4,plates-on-wall-cottage-living-room.jpg,0
269,normal-images-4,Northern-Lights-over-Tromso-Troms-Northern-Norway_911507f0-262b-4cac-921c-eb71dbc3466e.jpg,0
270,normal-images-4,Parish-Council-Annual-Meeting-2012.jpg,0
271,normal-images-4,n36036_living_01.jpg,0
272,normal-images-4,neath_port_talbot_conference_meeting_v_Neath_Port_Talbot_Conference_Meeting_Rooms_.jpg,0
273,normal-images-4,office_environment-googlereuse.jpg,0
274,normal-images-4,norway_streets.jpg,0
275,normal-images-4,Office_of_the_Wikimedia_Foundation.jpg,0
276,normal-images-4,Office.jpg,0
277,normal-images-4,Perfect-Red-And-Gold-Rooms-45-With-Additional-with-Red-And-Gold-Rooms.jpg,0
278,normal-images-4,norway-northern-lights.jpg.adapt.945.1.jpg,0
279,normal-images-4,office-conference-room-design-ideas_354725.jpg,0
280,normal-images-4,norway_memorial_26apr12-878x585.jpg,0
281,normal-images-4,norway-gamle-bergen-museum.jpg,0
282,normal-images-4,QzOffice-750x400-c-default.jpg,0
283,normal-images-4,pic_The-conference-room-Sits-up-to-35-people_577093_large.jpg,0
284,normal-images-1,167713535.jpg,0
285,normal-images-1,2012-ferarri-f12-berlinetta.jpg,0
286,normal-images-1,1444.jpg,0
287,normal-images-1,5.jpg,0
288,normal-images-1,98314964.jpg,0
289,normal-images-1,0bfdc7cd49e09851cc7063ffaf20bf3a.jpg,0
290,normal-images-1,13180942_585627594925764_312096060_n.jpg,0
291,normal-images-1,156786897898.jpg,0
292,normal-images-1,6587c2f0d1e9e056c1f18e65b3fbe7b5.jpg,0
293,normal-images-1,19496.jpg,0
294,normal-images-1,690x380-Lake-Tahoe-Summer-Emerald-Bay.jpg,0
295,normal-images-1,7bfa705a0e9058e8e33494bbe76a330c.jpg,0
296,normal-images-1,2016-Ford-Mustang-GT-burnout-red-tire-smoke.jpg,0
297,normal-images-1,a5f17e0b3dd5ed56bf5744f600b5c28b.jpg,0
298,normal-images-1,63dff179cc922e5f20ace4ec44e445f4.jpg,0
299,normal-images-1,45a4925c6329b15ac6184c868b78db14.jpg,0
300,normal-images-1,arnold-living-room-0515.jpg,0
301,normal-images-1,8ad01fe9c81a663751883dae687bd8e0.jpg,0
302,normal-images-1,1truck_web.jpg,0
303,normal-images-1,0.07180100_1442390923_.jpg,0
304,normal-images-1,142094477.jpg,0
305,normal-images-1,095728210-b1281187-105e-40db-8fff-2f2d5091110a.jpg,0
306,normal-images-1,08-Great Room.jpg,0
307,normal-images-1,Amanda Aitken Article Image 2.jpg,0
308,normal-images-1,1526t.jpg,0
309,normal-images-1,700c959d9d4a1ae442592fceac6cb42eb915eca669fbd988bce10911a32f6253.jpg,0
310,normal-images-1,1411579788990_wps_176_Pictures_by_Pal_Jakobsen_.jpg,0
311,normal-images-1,435bfd95-3be2-4be0-b909-36e5e607078b.jpg,0
312,normal-images-1,1578587.jpg,0
313,normal-images-1,49-Great-Room-Design3.jpg,0
314,normal-images-1,ask-history-who-built-the-first-automobile-464493489-E.jpeg,0
315,normal-images-1,4551643-interior-of-the-modern-conference-hall.jpg,0
316,normal-images-1,156ddbd4bb2536343afe883a9ad11b5d.jpg,0
317,normal-images-1,3344142642_c4d3bfa042_b.jpg,0
318,normal-images-1,2879429718_f6a88de41d_b.jpg,0
319,normal-images-1,0921231903.jpeg,0
320,normal-images-1,1453758_orig.jpg,0
321,normal-images-1,article-2018976-0D29840100000578-237_634x384.jpg,0
322,normal-images-1,873860-winter-in-voss-norway.jpeg,0
323,normal-images-1,10.jpg,0
324,normal-images-1,article-1389742-0E432C8C00000578-832_634x436.jpg,0
325,normal-images-1,72065.jpg,0
326,normal-images-1,289259543-business-meeting-salle-de-conference-discuter-debattre-collegues.jpg,0
327,normal-images-1,723438-norway-memorial.jpg,0
328,normal-images-1,7875419_4_z.jpg,0
329,normal-images-1,2-640x400.jpg,0
330,normal-images-1,040210_Aurora_011.jpg,0
331,normal-images-1,4c753813768b747811d11ffdd5dcebb5.jpg,0
332,normal-images-1,8f4eaec213662be924ae9e7a99d20b11.jpg,0
333,normal-images-1,5983c29594905fdd0be9d691c036c90b0603f68d.jpg,0
334,normal-images-1,Adamsafter.jpg,0
335,normal-images-1,_91175853_a53933fd-a2e4-48aa-bbc5-735e4110cb0b.jpg,0
336,normal-images-1,2ebfde6fa65f395b1e23f0b7b54b561d.jpg,0
337,normal-images-1,952111662014LEUDLAV.jpg.png,0
338,normal-images-1,014-taal-crater-lake_586DA81BD8A34008B4CFFA1B2E206AFF.jpg,0
339,normal-images-1,1.jpg,0
340,normal-images-1,4edcf7037ce106b5bc300f99ef671a91_936_425.jpg,0
341,normal-images-1,5724aaf0e4b00a870d466396_853x480_U_v1.jpg,0
342,normal-images-1,aes7.jpg,0
343,normal-images-1,a-golden-bedroom-with-a-feng-shui-glow.jpg,0
344,normal-images-1,22ffsfg.jpg,0
345,normal-images-1,20090804-Reine-Panorama.jpg,0
346,normal-images-1,2015-Automobile-Magazine-All-Stars-627x416.png,0
347,normal-images-1,article-2561466-1BE9F3FA00000578-681_634x415.jpg,0
348,normal-images-1,article-0-15CB7791000005DC-25_634x497.jpg,0
349,normal-images-1,15617910028_8d4c6b714c_b.jpg,0
350,normal-images-1,6-beautiful-ice-caves-patagonia-5.jpg,0
351,normal-images-1,281249_maroko-atlas-afp_f.jpg,0
352,normal-images-1,14566688_115393625608382_6451053875163037696_n.jpg,0
353,normal-images-1,631b059038ae6882594cdcf2c733cee1.jpg,0
354,normal-images-1,400c4254c626f0c30cdac33547ec8693_original.jpg,0
355,normal-images-1,2014-01-21-RTKLLONDON.jpg,0
356,normal-images-1,14.jpg,0
357,normal-images-1,8471644323_90981b7693.jpg,0
358,normal-images-1,4d97215bd7b0c4672f62c62cebaf38c7.jpg,0
359,normal-images-1,157_TypicalOffice-1024x881.jpg,0
360,normal-images-1,43c82e58f5cfdb1e3483be00a9720684.jpg,0
361,normal-images-1,AAEAAQAAAAAAAAJqAAAAJDAwNDUwNDAwLWUwYTAtNDlmNy1iNjk4LTY2NDk1NzFjMDI3OQ.jpg,0
362,normal-images-1,20bd07c102708fc2c1357735894fdac0.jpg,0
363,normal-images-1,amsterdam_canal_houses_at_night_by_busterbrownbb-d5g1z9c.jpg,0
364,normal-images-1,906a126cd675836e17f24837ff7ade1b.jpg,0
365,normal-images-1,02-icehouse-louisiana-coworking-office.jpg,0
366,normal-images-1,4205c7bf872ff65b5569a54616e7fc4b.jpg,0
367,normal-images-1,9129708.jpg,0
368,normal-images-1,36701_133427340015458_133421316682727_259449_2221369_n.jpg,0
369,normal-images-1,3631119830_7be2edf6aa_z.jpg,0
370,normal-images-1,0a9c1e71be2d6c80bb7b7ea7d353fb42.jpg,0
371,normal-images-1,201504-connect-norway-horizontal-1b.jpg,0
372,normal-images-1,715d8b45abe42c92abd0c6549342507f.jpg,0
373,normal-images-1,366176-office.jpg,0
374,normal-images-1,636183447534012101-DSC-2429.jpg,0
375,normal-images-1,05e4f__Leshan-Giant-Buddha-China.jpg,0
376,normal-images-1,1427216352-2tkd-northern-lights-senja-norway.jpg,0
377,normal-images-1,76e108150890ac29_6362-w500-h400-b0-p0--traditional-family-room.jpg,0
378,normal-images-1,1010212.jpg,0
379,normal-images-1,3q4.jpg,0
380,normal-images-1,20160711044639758.jpg,0
381,normal-images-1,AdvisoryCouncilMeeting477x318.jpg,0
382,normal-images-1,20150419EUROPEANSTREETS-slide-ID9Z-articleLarge.jpg,0
383,normal-images-1,a354f9825da1a38062b2a8dd711d8500.jpg,0
384,normal-images-1,2-HootSuite-blog-0534.jpg,0
385,normal-images-1,24551b883de1686d35e953d43312dedf.jpg,0
386,normal-images-1,1f5cc65c_original.jpg,0
387,normal-images-1,_JOB7140_728_484_70_c1_t_l.jpg,0
388,normal-images-1,aeroport-francfort.jpg,0
389,normal-images-1,9544.jpg,0
390,normal-images-1,348s.jpg,0
391,normal-images-1,264929c131741c20f3a5e306a6c8b67d.jpg,0
392,normal-images-1,ar12811389210669.jpg,0
393,normal-images-1,airport-7591.jpg,0
394,normal-images-1,920x920.jpg,0
395,normal-images-1,AAEAAQAAAAAAAAjsAAAAJGFlM2QxZTU2LTJjNTEtNGY5OC04OWFhLTgwODA3OTBiN2ZkNA.jpg,0
396,normal-images-1,18-parade.jpg,0
397,normal-images-1,6-Wonderful-European-Vacation-Alternatives-in-North-America-81e5e534378c496bb12762e1d8978cc5.jpg,0
398,normal-images-1,80406309.jpg,0
399,normal-images-1,080502-AirportsHong Kong.grid-6x2.jpg,0
400,normal-images-1,65c288db48faa04662a56deb59a8db1c.jpg,0
401,normal-images-1,1104525.jpg,0
402,normal-images-1,175822886.jpg,0
403,normal-images-1,98282906.jpg,0
404,normal-images-1,2e17fb5d-3f0a-4fa8-ba01-1101ce80d158.1.10.jpg,0
405,normal-images-1,12.jpg,0
406,normal-images-1,2_Norway-best-country-in-the-world.jpg,0
407,normal-images-1,3453064b0e3bcfb44dfea8fee4159706.jpg,0
408,normal-images-1,111052980.jpg,0
409,normal-images-1,AspenSongBird.jpg,0
410,normal-images-1,041212_BIZ_Hook_Logic_MRM_03_display.jpg,0
411,normal-images-1,20150930-Einzelzimmer.jpg,0
412,normal-images-1,AAEAAQAAAAAAAAKvAAAAJDY3MzVhYTUwLTY2ODktNDY5NC1hYWZjLWE4MjZmYmY0NzU1ZA.jpg,0
413,normal-images-1,54ff8227d6954-living-room-gold-orange-xln.jpg,0
414,normal-images-1,7ad3fe1d3bd5970e6ed98d5cfc0b5c08.jpg,0
415,normal-images-1,23e90181fcef550cffae7c4ff77e566d.jpg,0
416,normal-images-1,241996-2560x1920.jpg.600x350_q85_crop.jpg,0
417,normal-images-1,158.jpg,0
418,normal-images-1,40e922a594c05b55618a62ee6e6cd0c3.jpg,0
419,normal-images-1,amazing-modern-living-room-design-with-white-brown-walls.jpg,0
420,normal-images-1,1172602861_9119803ed4.jpg,0
421,normal-images-1,385Springwater Trailer Resort.jpg,0
422,normal-images-1,5f0cd5dd1c13b489e3740a141c679699.jpg,0
423,normal-images-1,3028310B00000578-3398915-image-a-2_1452764691811.jpg,0
424,normal-images-1,1ea2139c58e480cf9d31d8412aafc2e3.jpg,0
425,normal-images-1,012038.jpg,0
426,normal-images-1,500_F_128074665_71JRncSY29Pdumr6kt8sPLYvByWxeWXc.jpg,0
427,normal-images-1,394_original.jpg,0
428,normal-images-1,a-fairly-typical-open-office.jpg,0
429,normal-images-1,65a10dc9e3ca143b6b8649191b81f665.wix_mp_1024.jpg,0
430,normal-images-1,45d893bb4a9e15e3ea7aab81ec783e7c.jpg,0
431,normal-images-1,2332.jpg,0
432,normal-images-1,29a74da6d3a8a4577a43d76b519128c1.jpg,0
433,normal-images-1,82143-erYd3aYdaDFXh_ff3VC9MA.jpg,0
434,normal-images-1,1200_ded3cdcfdca66b2fc57ee8d9bbc6c827.jpg,0
435,normal-images-1,360px-Greenmountains.jpg,0
436,normal-images-1,813e6b10-848b-478e-a471-480f14eeb271.1.10.jpg,0
437,normal-images-1,a62fdb68649fa65f41872c01a058bd58.jpg,0
438,normal-images-1,4.jpg,0
439,normal-images-1,18 Petroglyphs Atlatl Rock.jpg,0
440,normal-images-1,080417_4706.jpg,0
441,normal-images-2,Atlantic-Road-Norway-4.jpg,0
442,normal-images-2,GGBR02024A.jpg,0
443,normal-images-2,eclectic-living-room.jpg,0
444,normal-images-2,Fjords of Norway.jpg,0
445,normal-images-2,Farah-Conference-Room.jpg,0
446,normal-images-2,ballroom2.jpg,0
447,normal-images-2,Furmanek_blue010_3463757c.jpg,0
448,normal-images-2,glacier.jpg,0
449,normal-images-2,DSC_0191.JPG,0
450,normal-images-2,choosing-right-cctv-for-office.jpg,0
451,normal-images-2,best_western_mornington_hotel_london.jpg,0
452,normal-images-2,Bahnhofstrasse-2B-Zurich-2C-2BSwitzerland-2Btop-2B5-2Bbest-2Bshopping-2Bstreet-2B21.png,0
453,normal-images-2,gty_open_plan_office_ll_130701_33x16_1600.jpg,0
454,normal-images-2,CreativeOffice_3_LgLand.jpg,0
455,normal-images-2,CM1.jpg,0
456,normal-images-2,Barcode-Oslo-Norway-2-1_bd5d9b33-a6cf-4db3-b77d-ff8ca69f8edf.jpg,0
457,normal-images-2,bn-0.jpg,0
458,normal-images-2,Elagant-Office-Meeting-Room-Design.jpg,0
459,normal-images-2,gallery-1428596092-home-sweet-home-living-room-0515.jpg,0
460,normal-images-2,home-image-small.jpg,0
461,normal-images-2,Gullivers-0840-small-8c1235a8.png,0
462,normal-images-2,deluxe-room-01.jpg,0
463,normal-images-2,fire-featured.jpg,0
464,normal-images-2,case_study_large_image_182_large.jpg,0
465,normal-images-2,b3ba28f17af4917649fe0c08bc523922.jpg,0
466,normal-images-2,dizain-na-osvetlenieto4.jpg,0
467,normal-images-2,black-and-beige-room.jpg,0
468,normal-images-2,cph_virt2.jpg,0
469,normal-images-2,Bodoe_aug2010x17.jpg,0
470,normal-images-2,day7_8.jpg,0
471,normal-images-2,f9f940136732b21b0ec69a392757d6cf.jpg,0
472,normal-images-2,darcy434_largeimage.jpg,0
473,normal-images-2,cool-home-office-ideas-and-get-inspired-to-redecorate-your-Home-Office-with-these-decorative-Home-Office-ideas-1.jpg,0
474,normal-images-2,ce17da98fd0525cbe7ea1816b90fe4d9.jpg,0
475,normal-images-2,european-room-denver-2.jpg,0
476,normal-images-2,Crater-Lake-at-the-Mouth-of-Taal-Volcano-in-Luzon-Philippines.jpg,0
477,normal-images-2,d=23&p=9970&t=4.jpg,0
478,normal-images-2,dad00d78-c771-4a5f-9dcd-7be5814a7e7f.1.10.jpg,0
479,normal-images-2,Atlas_Mountain_range.jpg,0
480,normal-images-2,csm_Norwegen-Slider-1-WEB_481d92d85e.jpg,0
481,normal-images-2,atlantic-road-norway-4fv.jpg,0
482,normal-images-2,dalen-i-telemark.jpg,0
483,normal-images-2,Carson-City-Retail-Interior-Design1.png,0
484,normal-images-2,Conference_Room_CHENG_Ze.jpg,0
485,normal-images-2,cheap-backyard-landscaping-ideas-pictures.jpg,0
486,normal-images-2,euro-standards_728_410_70_c1_t_l.jpg,0
487,normal-images-2,Feng-Shui-your-Bedroom-98135424-web.jpg,0
488,normal-images-2,eastern-europe-street-gr.jpg,0
489,normal-images-2,Beautiful-Morrocan-style-for-bedroom-design-2-530x424.jpg,0
490,normal-images-2,ES_execconfroom_6_712x342_FitToBoxSmallDimension_Center.jpg,0
491,normal-images-2,homeland-stavanger-wooden.jpg,0
492,normal-images-2,atlantic-ocean-road-norway.jpg,0
493,normal-images-2,autumn-sunset-sky.jpg,0
494,normal-images-2,Gift_Shop_52.jpg,0
495,normal-images-2,contemporary-family-room.jpg,0
496,normal-images-2,cglb-deluxe.jpg,0
497,normal-images-2,grimstad gate 02.jpg,0
498,normal-images-2,efe.jpg,0
499,normal-images-2,avtomobili-anketa-1.jpg,0
500,normal-images-2,Haikou Mingguang hotel_deluxe room.jpg,0
501,normal-images-2,f0e56866db7a2b2b7ce8fb1c6fa9a6c1bf6d951b443cec372c0f7fed6bbdb947.jpg,0
502,normal-images-2,Hero_O365ForBusiness_1920x560.jpg,0
503,normal-images-2,european-room-denver-3.jpg,0
504,normal-images-2,bce8306b7c28fd808d52e831260b194b.jpg,0
505,normal-images-2,atlantic-road-norway-6.jpg,0
506,normal-images-2,doc_14_4.jpg,0
507,normal-images-2,fireplace-with-no-fire.jpg,0
508,normal-images-2,board-room.jpg,0
509,normal-images-2,bfed338d24.jpg,0
510,normal-images-2,Business-Meeting-Etiquette.jpg,0
511,normal-images-2,Hero_2007Upsell_1920x560.jpg,0
512,normal-images-2,dubai-airport2.jpg,0
513,normal-images-2,e389ecba7de8e3645ee346d3d19703b6.jpg,0
514,normal-images-2,great-spot-absolutely.jpg,0
515,normal-images-2,"Geirangerfjord, Norway 6-L.jpg",0
516,normal-images-2,CCTV-in-supermarket.jpg,0
517,normal-images-2,B_Id_225951_norway.jpg,0
518,normal-images-2,beautiful-village-norway.jpg,0
519,normal-images-2,bergen-norway-streets_11921_600x450.jpg,0
520,normal-images-2,Glamorous-Living-Room-Decor-Ideas-with-Crystalist-Chandelier-Lightings-Furnished-with-White-Sofa-and-Chair-plus-White-Table-and-Round-Ottoman-on-Thick-Rug.jpg,0
521,normal-images-2,exterior-paint-colors-for-houses.jpg,0
522,normal-images-2,hd-mediaitemid19113-1996.jpg,0
523,normal-images-2,fe4d6738c20d6063f34637ed6b56228e.jpg,0
524,normal-images-2,four-rooms.jpg,0
525,normal-images-2,Christmas-Street-Stockholm.jpg,0
526,normal-images-2,DT_meeting2_53_677x380_FitToBoxSmallDimension_Center.jpg,0
527,normal-images-2,f90f62c721068418828c0d99b5d892d0.jpg,0
528,normal-images-2,Birds Nest.jpg,0
529,normal-images-2,b33375c5ff1a2f222ebdca2b0046eecc.jpg,0
530,normal-images-2,deluxe-room-02.jpg,0
531,normal-images-2,G044.jpg,0
532,normal-images-2,f301e43bcd7a738afc1f7926ced876da.jpg,0
533,normal-images-2,atlantis-092712-328_1.jpg,0
534,normal-images-2,grimstad_panorama.jpg,0
535,normal-images-2,e3d93d96e76e00a0c1df99a94f33c921.jpg,0
536,normal-images-2,boardroom.jpg,0
537,normal-images-2,bangkok-airport3.jpg,0
538,normal-images-2,da97b0fd08647c127e2912608c6bf9b7.jpg,0
539,normal-images-2,Athens-International-Airport.jpg,0
540,normal-images-2,conference-room2.jpg,0
541,normal-images-2,crowne-plaza-rome-4393591168-4x3.jpg,0
542,normal-images-2,atlantic-ocean-road62.jpg,0
543,normal-images-2,gty_employees_working_office_jt_121218_wb.jpg,0
544,normal-images-2,Great+Room.jpg,0
545,normal-images-2,geneva-shopping-street.jpg,0
546,normal-images-2,DSC5740_HDR-blog-1600px.jpg,0
547,normal-images-2,california-palm.jpg,0
548,normal-images-2,Bold-Red-Colors-Decoration-in-Modern-Teen-Bedrooms.jpg,0
549,normal-images-2,e20bdf8a3c4198fcb9b64ee003254f64.jpg,0
550,normal-images-2,dusk_756x350.jpg,0
551,normal-images-2,deluxe-room-03.jpg,0
552,normal-images-2,buntzen-lake-full-width-nature.jpg,0
553,normal-images-2,f16-small-meeting-roompost.jpg,0
554,normal-images-2,dark-red-living-room.jpg,0
555,normal-images-2,b4d7b6e907c47ebb74058bac9d1953f1d138cb43b660420e4e42037915b11720.jpg,0
556,normal-images-2,Gingerbread_House_Essex_CT.jpg,0
557,normal-images-2,canvas-press_custom-wallpaper_conference_room.jpg,0
558,normal-images-2,blue-ice-throstur-1.jpg,0
559,normal-images-2,city_streets2_800.JPG,0
560,normal-images-2,En-Route-Stuck-with-a-Cancelled-Flight-in-Hong-Kong-International-Airport-9426.jpg,0
561,normal-images-2,gazebo1.jpg,0
562,normal-images-2,crystal-cave-8.jpg,0
563,normal-images-2,HGOYD202H_sad-neglected-backyard-before.jpg.rend.hgtvcom.966.725.jpeg,0
564,normal-images-2,file=5CF84195797947C67C2C3DE93B6C3ED49B483E0A.jpg&dh=532&dw=800&cropX=0&cropY=0&cropH=681&cropW=1024.jpg,0
565,normal-images-2,Grand-Deluxe-Room-King-Bed-Big32201584154.jpg,0
566,normal-images-2,attachment-image-1cfe3cc1-a2b6-402c-a50e-8436e4f7f3c2.jpg,0
567,normal-images-2,flathead-lake-montana-8.jpg,0
568,normal-images-2,DSCN1146-600x350.jpg,0
569,normal-images-2,grimstad gaagate 02.jpg,0
570,normal-images-2,c77e354d46f7e8cc7babe8fdf8f93c76.jpg,0
571,normal-images-2,Christmas-shopping-at-Roros-norway_4df73061-0f32-4f3f-8d35-0f88fa121632.jpg,0
572,normal-images-2,fairy-tale-viking-architecture-norway-8__880.jpg,0
573,normal-images-2,coastal-norway-kirkefjorden-lofoten-island-peaks-615.jpg,0
574,normal-images-2,cdnassets.hw.net.jpg,0
575,normal-images-2,Dublin_shutterstock_111481523_800x.jpg,0
576,normal-images-2,Don-Mueang-International-Airport.jpg,0
577,normal-images-2,Helgeland-hiking-Rodoy-Norway-2-1_c3ea0777-bf05-4677-98ca-a6028c3d0564.jpg,0
578,normal-images-2,C201409001_C1.jpg,0
579,normal-images-3,meetings.jpg,0
580,normal-images-3,IMG_0285.jpg,0
581,normal-images-3,llanelli-fire-red-room.jpg,0
582,normal-images-3,meda_bia_class_0.jpg,0
583,normal-images-3,house off lincoln road night.jpg,0
584,normal-images-3,hotel-continental-marienbad-room-standard-10.jpg,0
585,normal-images-3,living-room-european-appartment.jpg,0
586,normal-images-3,interior-design-living-room-unique-with-images-of-interior-design-exterior-in-ideas.jpg,0
587,normal-images-3,maxresdefault.jpg,0
588,normal-images-3,idol_line_art.jpg,0
589,normal-images-3,messy-office-space.jpg,0
590,normal-images-3,JB224_03_Colourful_christmas_table_setting_in_red_and_gold_with_roses_and_candlelight_and_christmas_tree.jpg,0
591,normal-images-3,irodaikomfort.jpg,0
592,normal-images-3,lister_schaffer.jpg,0
593,normal-images-3,Innfjorden-cruise-boat-romsdalsfjorden-rauma-norway-2-1_ecfd17ae-9a5b-4dce-aa53-05696299858c.jpg,0
594,normal-images-3,living-room-astounding-living-room-design-with-l-shaped-sofa-and-white-table-on-the-orange-rug-and-dark-floor-complete-with-brown-wicker-egg-chairs-also-fireplace-living-room-makeovers-ideas-936x701.jpg,0
595,normal-images-3,Lappis_gkok-1024x681.jpg,0
596,normal-images-3,image3tffh.jpg,0
597,normal-images-3,large-meeting-room.jpg,0
598,normal-images-3,maxresdefaultvfv.jpg,0
599,normal-images-3,Lofoten-Norway-Northern-Lights-13.jpg,0
600,normal-images-3,Kristiansund_Atlanticrd_740.jpg,0
601,normal-images-3,iStock_000020716385Large-1024x683.jpg,0
602,normal-images-3,mi-plage-hawai.jpg,0
603,normal-images-3,moving-green-mountains.jpg,0
604,normal-images-3,modern-landscape-design-14a.jpg,0
605,normal-images-3,HX_meetingroom_9_425x303_FitToBoxSmallDimension_Center.jpg,0
606,normal-images-3,image.aspx.jpg,0
607,normal-images-3,Hot-in-Cleveland-house-at-night-front.jpg,0
608,normal-images-3,iyyt.jpg,0
609,normal-images-3,image.jpg,0
610,normal-images-3,living-room-large-big-interior-design-2.jpg,0
611,normal-images-3,Lofoten-islands-Norway-are-known-for-white-sand-beaches-and-vertical-Granite-fjords..-But-most-of-al.jpg,0
612,normal-images-3,modern-living-room-with-TV-Neopolis.jpg,0
613,normal-images-3,maxresdefault343.jpg,0
614,normal-images-3,Input-Group-King's-Cross-St-Pancras-Travel-CCTV-Back-Office.jpg,0
615,normal-images-3,large_mpceb_DeluxeTwinRoom.jpg,0
616,normal-images-3,Interior Design Ideas (3).jpg,0
617,normal-images-3,img_4965_640x427.jpg,0
618,normal-images-3,Le-Meridien-Piccadilly--Classic-Room.jpg,0
619,normal-images-3,mda.jpg,0
620,normal-images-3,hotel.jpg,0
621,normal-images-3,LimeLightsDallas.812.jpg,0
622,normal-images-3,Le-Meridien-Piccadilly--Club-Room.jpg,0
623,normal-images-3,jan-2011-free-oslo_27226_600x450.jpg,0
624,normal-images-3,leshan_china_buddha.jpg,0
625,normal-images-3,images1594234_Cadillac_57_1918_Sieber_Copyright_Egger_eu_moto_images_classic_cars_5001.jpg,0
626,normal-images-3,lighting-in-interior-design-interior-home-lighting-lovely-for-your-interior-design-of-bedrooms-ideas.jpg,0
627,normal-images-3,JEs238e.jpg,0
628,normal-images-3,mountains-Kirkjufe_3374110a-large.jpg,0
629,normal-images-3,Hotel_Monterey_La_Soeur_Osaka_standard_twin_bedroom_20121102-001.jpg,0
630,normal-images-3,Light-wood-white-interior.jpg,0
631,normal-images-3,Lake-Edward.jpg,0
632,normal-images-3,Liberia-terminal_newsfull_h.jpg,0
633,normal-images-3,la-airport-1024x758.jpg,0
634,normal-images-3,images34.jpg,0
635,normal-images-3,img31.jpg,0
636,normal-images-3,Late_model_Ford_Model_T.jpg,0
637,normal-images-3,house5.jpg,0
638,normal-images-3,images.jpg,0
639,normal-images-3,Location_Eurocopter-EC145_Mercedes-Style-www.acarinparis.com_location_voiture_luxe_paris.jpg,0
640,normal-images-3,Meeting room with people2.jpg,0
641,normal-images-3,ist_ataturk_08_0116_2.jpg,0
642,normal-images-3,khon_kaen_photo_36.jpg,0
643,normal-images-3,main-qimg-f42d9fe3ea8e255dece2196f1e588ce0-c.jpg,0
644,normal-images-3,meeting.jpg,0
645,normal-images-3,img_0465.jpg,0
646,normal-images-3,index.jpg,0
647,normal-images-3,Lofoten-800px-Raftsundet_from_Raftsund_Bridge_2010_September.jpg,0
648,normal-images-3,Meeting room with people.jpg,0
649,normal-images-3,house-with-lights-on.jpg,0
650,normal-images-3,London-Office--tojpeg_1431338424080_x2.jpg,0
